;;;;;;;;;;;;
CONSECUTIVO;NIT;RAZON SOCIAL ;DEPARTAMENTO; MUNICIPIO ; FIRMA VALIDADORA ; FECHA AVISO ;RESULTADO;Observación; Operador ;CRUCE;ALERTA APLICATIVO;VALIDACIÓN
6;901266096;Ips Cersalud Medicina Integral;Atlantico;Sabanagrande;Valuative;14/02/2023;Envio a investigar;Enviar a investigar lo que llegue como censo asignado (ONC se objetan);SM;APLICATIVO;Envio a investigar;VERDADERO
7;900428864;I.P.S Manaed .S.A.S;Magdalena;Santa Marta;Valuative;14/02/2023;Objetar todo;Objetar todo incluyendo lo que este en tramite actualmente;SM;APLICATIVO;Objetar todo;VERDADERO
8;901537779;Ars Salud Ips S.A.S;Atlantico;Puerto Colombia;Global red;14/02/2023;Objetar todo;Si llegan reclamaciones de atenciones despues de que les quitaron la habilitación objetar inmediatamente,  si llegan reclamaciones de cuando estaban habilitadas enviarlas a investigar   (ONC se objetan);IQ;APLICATIVO;Objetar todo;VERDADERO
11;901439816;Ips San Jose De Santa Ana S.A.S;Magdalena;Santa Ana;Global red;14/02/2023;Envio a investigar;Enviar a investigar lo que llegue como censo asignado (ONC se objetan);SM;APLICATIVO;Envio a investigar;VERDADERO
13;901545713;Atlantis Health Ips S.A.S;Atlantico;Sabanalarga;No habilitado;14/02/2023;Objetar todo;Si llegan reclamaciones de atenciones despues de que les quitaron la habilitación objetar inmediatamente,  si llegan reclamaciones de cuando estaban habilitadas enviarlas a investigar   (ONC se objetan);SM;APLICATIVO;Objetar todo;VERDADERO
15;901598827;Prestisalud Ips S.A.S.;Magdalena;Cienaga;Global red;14/02/2023;Envio a investigar;Enviar a investigar lo que llegue como censo asignado (ONC se objetan);SM;APLICATIVO;Envio a investigar;VERDADERO
16;901567877;Yerasalud Ips S.A.S;Atlantico;Santo Tomas;No habilitado;14/02/2023;Objetar todo;Si llegan reclamaciones de atenciones despues de que les quitaron la habilitación objetar inmediatamente,  si llegan reclamaciones de cuando estaban habilitadas enviarlas a investigar   (ONC se objetan);SM;APLICATIVO;Objetar todo;VERDADERO
17;901543418;Prohealth De La Costa Ips Sas ;Atlantico;Baranoa;No habilitado;14/02/2023;Objetar todo;Si llegan reclamaciones de atenciones despues de que les quitaron la habilitación objetar inmediatamente,  si llegan reclamaciones de cuando estaban habilitadas enviarlas a investigar   (ONC se objetan);SM;APLICATIVO;Objetar todo;VERDADERO
18;901535941;Ips Clinimar S.A.S;Atlantico;Juan De Acosta;No habilitado;14/02/2023;Objetar todo;Si llegan reclamaciones de atenciones despues de que les quitaron la habilitación objetar inmediatamente,  si llegan reclamaciones de cuando estaban habilitadas enviarlas a investigar   (ONC se objetan);SM;APLICATIVO;Objetar todo;VERDADERO
21;901585947;Diasalud Ips S.A.S.;Atlantico;Sabanalarga;No habilitado;14/02/2023;Objetar todo;Si llegan reclamaciones de atenciones despues de que les quitaron la habilitación objetar inmediatamente,  si llegan reclamaciones de cuando estaban habilitadas enviarlas a investigar   (ONC se objetan);SM;APLICATIVO;Objetar todo;VERDADERO
22;901256126;Salud Laboral Vmc Sas;Cordoba;Monteria;No habilitado;14/02/2023;Envio a investigar;Si llegan reclamaciones de atenciones despues de que les quitaron la habilitación objetar inmediatamente,  si llegan reclamaciones de cuando estaban habilitadas enviarlas a investigar   (ONC se objetan);SM;APLICATIVO;Envio a investigar;VERDADERO
23;900631111;An En Salud S.A.S;Atlantico;Soledad;No habilitado;14/02/2023;Objetar todo;Si llegan reclamaciones de atenciones despues de que les quitaron la habilitación objetar inmediatamente,  si llegan reclamaciones de cuando estaban habilitadas enviarlas a investigar   (ONC se objetan);SM;APLICATIVO;Objetar todo;VERDADERO
24;901198636;Unidad De Trauma Del Oriente S;Atlantico;Malambo;No habilitado;14/02/2023;Objetar todo;Si llegan reclamaciones de atenciones despues de que les quitaron la habilitación objetar inmediatamente,  si llegan reclamaciones de cuando estaban habilitadas enviarlas a investigar   (ONC se objetan);SM;APLICATIVO;Objetar todo;VERDADERO
29;900467864;Ips Odontologia Integral Especializada Soat Sas;Magdalena;Santa Marta;Global red;14/02/2023;Envio a investigar;Enviar a investigar lo que llegue como censo asignado (ONC se objetan);SM;APLICATIVO;Envio a investigar;VERDADERO
39;901432945;Clinica Dental Especializada Sas;Magdalena;Fundación;Valuative;14/02/2023;Envio a investigar;Enviar a investigar lo que llegue como censo asignado (ONC se objetan);SM;APLICATIVO;Envio a investigar;VERDADERO
49;900685946;Hospital Las Americas Ltda;Atlantico;Barranquilla;Alianza;14/02/2023;Envio a investigar;Enviar a investigar todos los siniestros;IQ;APLICATIVO;Envio a investigar;VERDADERO
316;901362090;UNIDAD PRESTADORA DE SALUD ATLANTICO;Atlantico;Barranquilla;Alerta;14/02/2023;Envio a investigar;Esquema de censo temporal PSS de papel- es una policia por ende no tiene informe;SM;APLICATIVO;Envio a investigar;VERDADERO
2;901527631;Sanli Salud Ips S.A.S;Magdalena;Santa Marta;Alianza;15/02/2023;Objetar todo;Objetar todo incluyendo lo que este en tramite actualmente;SM;APLICATIVO;Objetar todo;VERDADERO
9;901559069;Jervasalud Ips;Magdalena;Santa Marta;Global red;20/02/2023;Objetar todo;Objetar todo incluyendo lo que este en tramite actualmente;SM;APLICATIVO;Objetar todo;VERDADERO
36;901068020;Meditrans Soluciones Integrale;Bolivar;Cartagena;Global red;20/02/2023;Objetar todo;Los siniestros con fecha de ocurrencia posteriores al no funcionamiento  15 de mayo de 2022 se objetan, y los siniestros que tengan fecha de ocurrencias anteriores se envien a investigar;SM;APLICATIVO;Objetar todo;VERDADERO
58;901627914;Hg Medical S.A.S;Bolivar;Cartagena De Indias;Valuative;20/02/2023;Objetar todo;Objetar todo - no se encuentran en la dirección habilitada en el REPS;IQ;APLICATIVO;Objetar todo;VERDADERO
54;901612637;Ips Grupo Empresarial Vivir Sano S.A.S.;Atlantico;Tubara;Alianza;22/02/2023;Objetar todo;Objetar todo incluyendo lo que este en tramite actualmente;IQ;APLICATIVO;Objetar todo;VERDADERO
19;802019804;Accionsalud  I.P.S.  S.A.S;Atlantico;Baranoa;Alianza;24/02/2023;Objetar todo;Objetar todo incluyendo lo que este en tramite actualmente;SM;APLICATIVO;Objetar todo;VERDADERO
26;901523434;Ips Servimedi Del Norte Sas;Atlantico;Sabanalarga;Alianza;24/02/2023;Objetar todo;Objetar todo incluyendo lo que este en tramite actualmente;SM;APLICATIVO;Objetar todo;VERDADERO
30;901571314;Vital Medic I.P.S S.A.S;Magdalena;Cienaga;Valuative;24/02/2023;Envio a investigar;Enviar a investigar lo que llegue como censo asignado (ONC se objetan);SM;APLICATIVO;Envio a investigar;VERDADERO
31;900625692;Centro Integrado De Ortopedia;Magdalena;Zona Bananera;Global red;24/02/2023;Objetar todo;Objetar todo incluyendo lo que este en tramite actualmente;SM;APLICATIVO;Objetar todo;VERDADERO
32;901204294;Ips San Rafael Haim Sas;Atlantico;Malambo;Alianza;24/02/2023;Objetar todo;Objetar todo incluyendo lo que este en tramite actualmente;SM;APLICATIVO;Objetar todo;VERDADERO
34;900787535;Unidad Medica Delcas S.A.S;Cordoba;Sahagun;Global red;24/02/2023;Objetar todo;Objetar todo incluyendo lo que este en tramite actualmente;SM;APLICATIVO;Objetar todo;VERDADERO
35;901599923;Salud Vital Ambulancias Sas;Cauca;Popayan;Global red;24/02/2023;Envio a investigar;Enviar a investigar lo que llegue como censo asignado (ONC se objetan);IQ;APLICATIVO;Envio a investigar;VERDADERO
38;900273552;Ips Santa Teresa De Jesus & Cia  Ltda;Atlantico;Soledad;Valuative;24/02/2023;Objetar todo;Objetar todo incluyendo lo que este en tramite actualmente;SM;APLICATIVO;Objetar todo;VERDADERO
41;901516062;123 Salud & Vida S.A.S.;Quindio;Armenia;Valuative;24/02/2023;Objetar todo;Objetar todo incluyendo lo que este en tramite actualmente;IQ;APLICATIVO;Objetar todo;VERDADERO
42;901444733;Clinica Ortopedica De Puerto Colombia;Atlantico;Puerto Colombia;Global red;24/02/2023;Objetar todo;Objetar todo incluyendo lo que este en tramite actualmente;SM;APLICATIVO;Objetar todo;VERDADERO
44;900598035;Soluciones Pro-Activas Sas;Atlantico;Barranquilla;Valuative;24/02/2023;Envio a investigar;Enviar a investigar lo que llegue como censo asignado (ONC se objetan);SM;APLICATIVO;Envio a investigar;VERDADERO
55;901577823;Centro Medico Doral S.A.S.;Atlantico;Soledad;Alianza;24/02/2023;Objetar todo;Objetar todo incluyendo lo que este en tramite actualmente;IQ;APLICATIVO;Objetar todo;VERDADERO
12;900213847;Global Medica S.A.S;Atlantico;Baranoa;Alianza;27/02/2023;Objetar todo;Objetar todo incluyendo lo que este en tramite actualmente;SM;APLICATIVO;Objetar todo;VERDADERO
14;901589659;Gusalud Ips S.A.S;Magdalena;Santa Marta;Alianza;27/02/2023;Objetar todo;Objetar todo incluyendo lo que este en tramite actualmente;SM;APLICATIVO;Objetar todo;VERDADERO
20;901049161;Ing Clinica Center Sas;Cesar;Valledupar;Alianza;27/02/2023;Objetar todo;Los siniestros con fecha de ocurrencia posteriores al no funcionamiento  17 de enero 2023 se objetan, y los siniestros que tengan fecha de ocurrencias anteriores se envien a investigar;SM;APLICATIVO;Objetar todo;VERDADERO
25;901458177;Centro Medico Vital Medica S.A;Atlantico;Soledad;Alianza;27/02/2023;Objetar todo;Objetar todo incluyendo lo que este en tramite actualmente;SM;APLICATIVO;Objetar todo;VERDADERO
28;901104318;I.P.S Centro De Rehabilitación Arcangeles;Cordoba;Buenavista;Alianza;27/02/2023;Objetar todo;Objetar todo incluyendo lo que este en tramite actualmente;SM;APLICATIVO;Objetar todo;VERDADERO
33;901379877;Emergencia Medica Colombiana Del Sinú;Cordoba;Monteria;Alianza;27/02/2023;Envio a investigar;Enviar a investigar lo que llegue como censo asignado (ONC se objetan);SM;APLICATIVO;Envio a investigar;VERDADERO
37;901335262;Suites Medical Ips S.A.S;Magdalena;Santa Marta;Alianza;27/02/2023;Objetar todo;Objetar todo incluyendo lo que este en tramite actualmente;SM;APLICATIVO;Objetar todo;VERDADERO
43;901515997;Emer Med Ips S.A.S;La Guajira;Riohacha;Global red;27/02/2023;Envio a investigar;Enviar a investigar lo que llegue como censo asignado (ONC se objetan);SM;APLICATIVO;Envio a investigar;VERDADERO
64;901623039;Facasalud Ips S.A.S;Magdalena;Santa Marta;Alianza;27/02/2023;Objetar todo;Objetar todo incluyendo lo que este en tramite actualmente;SM;APLICATIVO;Objetar todo;VERDADERO
40;900007113;Servifarma Del Caribe  Ltda;Cesar;Valledupar;Global red;28/02/2023;Objetar todo;Objetar todo incluyendo lo que este en tramite actualmente;SM;APLICATIVO;Objetar todo;VERDADERO
88;901569440;Ips Donasalud;Atlantico;Soledad;Alianza;3/03/2023;Objetar todo;01/11/2022 - Enviar a investigar todo a alianza 03/03/2023 - Objetar todo teniendo en cuenta el primero informe enviado por la firma;SM;APLICATIVO;Objetar todo;VERDADERO
10;901591741;Mar Salud Ips S.A.S.;Magdalena;Santa Marta;Valuative;9/03/2023;Objetar todo;14/02/2023 Enviar a investigar lo que llegue como censo asignado (ONC se objetan) 09/03/2023 objetar todo lo que esta en tramite y lo futuro;SM;APLICATIVO;Objetar todo;VERDADERO
84;901657207;Trauma Salud Ips Sas;Magdalena;Santa Marta;Global red;14/03/2023;Objetar todo;Objetar todo incluyendo lo que este en tramite actualmente;IQ;APLICATIVO;Objetar todo;VERDADERO
82;901655782;Unidad Medica Alesalud S.A.S;Atlantico;Campo De La Cruz;Global red;15/03/2023;Objetar todo;Objetar todo incluyendo lo que este en tramite actualmente;IQ;APLICATIVO;Objetar todo;VERDADERO
66;901138884;Clinica International Barranquilla S.A.S;Atlantico;Barranquilla;Alianza;16/03/2023;Objetar todo;Objetar todo incluyendo lo que este en tramite actualmente;SM;APLICATIVO;Objetar todo;VERDADERO
67;901126009;Emmanuel Navarro Ips S.A.S;Atlantico;Campo De La Cruz;Alianza;16/03/2023;Objetar todo;Objetar todo incluyendo lo que este en tramite actualmente;SM;APLICATIVO;Objetar todo;VERDADERO
70;901309673;Cemin Ips;Cordoba;Monteria;Alianza;16/03/2023;Objetar todo;Objetar todo incluyendo lo que este en tramite actualmente;SM;APLICATIVO;Objetar todo;VERDADERO
71;901043659;Centro Medico Funmedic Ips S.A.S.;Magdalena;Santa Marta;Alianza;16/03/2023;Objetar todo;Objetar todo incluyendo lo que este en tramite actualmente;SM;APLICATIVO;Objetar todo;VERDADERO
72;901559892;Bonasalud Ips S.A.S.;Magdalena;Santa Marta;Alianza;16/03/2023;Objetar todo;Objetar todo incluyendo lo que este en tramite actualmente;SM;APLICATIVO;Objetar todo;VERDADERO
75;901397369;Ips Santa Catalina Fundación Sas;Magdalena;Fundación;Valuative;16/03/2023;Envio a investigar;Enviar a investigar todos los siniestros 18/04/2023: ONC se objetan;SM;APLICATIVO;Envio a investigar;VERDADERO
76;901227264;La Inmaculada Ips S.A.S;Magdalena;Cienaga;Valuative;16/03/2023;Envio a investigar;Enviar a investigar todos los siniestros 18/04/2023: ONC se objetan;SM;APLICATIVO;Envio a investigar;VERDADERO
97;901449888;Ambulancias Urgencias 7/24 Sas;Atlantico;Puerto Colombia;Global red;21/03/2023;Objetar todo;Objetar todo incluyendo lo que este en tramite actualmente;SM;APLICATIVO;Objetar todo;VERDADERO
87;901632406;Clinisofi Sas;Atlantico;Sabanalarga;Valuative;22/03/2023;Objetar todo;Objetar todo incluyendo lo que este en tramite actualmente;SM;APLICATIVO;Objetar todo;VERDADERO
74;823004895;Unidad Medica Integral Del San Jorge Limitada;Sucre;San Marcos;Alianza;23/03/2023;Envio a investigar;Se debe enviar a investigarme cuando fue la firma no no habia atención, se solicito ampliación;SM;APLICATIVO;Envio a investigar;VERDADERO
101;901521617;Zona Salud Ips Sas;Magdalena;Zona Bananera;Global red;27/03/2023;Objetar todo;Objetar todo incluyendo lo que este en tramite actualmente;SM;APLICATIVO;Objetar todo;VERDADERO
91;901545217;Centro Medico Atlanta Sg Sas;Atlantico;Sabanagrande;Alianza;28/03/2023;Objetar todo;Enviar a investigar - PSS solo presta servicios de odontologia (en reps tiene muchos mas servicios habilitados) 29/06/2023: Por alerta Fasecolda se objetaran todos los siniestros;SM;APLICATIVO;Objetar todo;VERDADERO
94;802007056;Servicios Medicos Integrales Del Norte S.A.S I.P.S;Atlantico;Barranquilla;Alianza;28/03/2023;Envio a investigar;Tiene fachada y los equipos requeridos para le prestación de servicios, sin embargo, se debe asignar todo a investigar por comportamiento atipico , se debe hacer seguimiento mas adelante;SM;APLICATIVO;Envio a investigar;VERDADERO
95;800185498;Unidad Integral De Fractura Y Rehabilitación Unifrar S.A.S.;Atlantico;Barranquilla;Alianza;28/03/2023;Envio a investigar;Enviar a investigar todos los siniestros;IQ;APLICATIVO;Envio a investigar;VERDADERO
122;900992619;O Positiva Salud Integral Tulua S.A.S;Valle del cauca;Tulua;Alianza;28/03/2023;Envio a investigar;Enviar a investigar todos los siniestros a alianza;IQ;APLICATIVO;Envio a investigar;VERDADERO
3;900576360;Salud Plux Ips Sas;Cordoba;Chinú;Global red;29/03/2023;Objetar todo;14/02/2023: Enviar a investigar lo que llegue como censo asignado (ONC se objetan) 29/03/2023: Todo lo de este prestador se debe objetar;SM;APLICATIVO;Objetar todo;VERDADERO
137;901024228;Medic Servicio Medico En Casa S.A.S;Valle del cauca;Guadalajara De Buga;Global red;10/04/2023;Envio a investigar;Enviar a investigar todos los siniestros - Global red;IQ;APLICATIVO;Envio a investigar;VERDADERO
153;901664615;Ips Cruz Salud S.A.S;Atlantico;Baranoa;Alianza;10/04/2023;Objetar todo;Objetar todo incluyendo lo que este en tramite actualmente;IQ;APLICATIVO;Objetar todo;VERDADERO
314;900920714;BONAVIDA CENTRO DE MEDICINA INTEGRATIVA S.A.S., ;Atlantico;Usiacurí;Alerta;11/04/2023;Objetar todo;CANCELACION HABILITACIÓN ;SM;APLICATIVO;Objetar todo;VERDADERO
90;901152693;Costa Caribe Y/O Ips Salud Vida S.A.S;Atlantico;Soledad;Alianza;12/04/2023;Envio a investigar;Enviar a investigar todos los siniestros;SM;APLICATIVO;Envio a investigar;VERDADERO
162;901612046;Clinic Stetic Ips Sas;Cordoba;Monteria;Global red;12/04/2023;Objetar todo;Objetar todo incluyendo lo que este en tramite actualmente;IQ;APLICATIVO;Objetar todo;VERDADERO
68;802000909;Clinica Los  Almendros  Sas;Atlantico;Soledad;Alianza;13/04/2023;Envio a investigar;Enviar a investigar todos los siniestros;SM;APLICATIVO;Envio a investigar;VERDADERO
110;900098008;Fundación Medica Integral De La Costa Limitada - Funmedic Ips Ltda ;Atlantico;Barranquilla;Alianza;13/04/2023;Envio a investigar;13/04/2023 Sin novedad 21/07/2023: Enviar a inv por alerta de comportamiento atipico ;SM;APLICATIVO;Envio a investigar;VERDADERO
111;800088346;Ips Clinica General El Recreo Ltda;Atlantico;Barranquilla;Alianza;13/04/2023;Objetar todo;las reclamaciones de esta IPS se deben objetar teniendo en cuenta que la IPS no están prestando servicios.;SM;APLICATIVO;Objetar todo;VERDADERO
89;900594169;Clinica Equipo Medico De Especialistas De Colombia Sas;Atlantico;Barranquilla;Alianza;14/04/2023;Envio a investigar;Enviar a investigar los siniestros;SM;APLICATIVO;Envio a investigar;VERDADERO
124;900221747;Ips Asesorias Horizontes Del Norte Sas;Atlantico;Soledad;Global red;14/04/2023;Envio a investigar;Enviar a investigar los siniestros;SM;APLICATIVO;Envio a investigar;VERDADERO
150;901612479;Samasalud Ips;Magdalena;Santa Marta;Valuative;14/04/2023;Envio a investigar;Enviar a investigar todos los siniestros;SM;APLICATIVO;Envio a investigar;VERDADERO
152;824001041;Clinica Medicos S.A.;Cesar;Valledupar;Valuative;14/04/2023;Envio a investigar;Por su alto % de no cobertura se envia a investigar por un tiempo determinado;SM;APLICATIVO;Envio a investigar;VERDADERO
77;901303623;123 Salud Con Calidad S.A.S.;Tolima;Ibague;Alianza;19/04/2023;Envio a investigar;Enviar a investigar los siniestros;SM;APLICATIVO;Envio a investigar;VERDADERO
59;901642936;Ips Riomed Sas;Cordoba;Planeta Rica;Valuative;24/04/2023;Envio a investigar;enviar a investigar- pps prets servicios en la mismas instalaciones que una ESE;IQ;APLICATIVO;Envio a investigar;VERDADERO
315;901127769;CENTRO MEDICO INTEGRAL DEL MAG ;Magdalena;Peublo Viejo;Alerta;2/05/2023;Objetar todo;no se encuentra habilitada ;SM;APLICATIVO;Objetar todo;VERDADERO
60;901627949;Clinica Abaton Ips Sas;Atlantico;Barranquilla;Alianza;4/05/2023;Envio a investigar;Enviar a investigar todos los siniestros a alianza;IQ;APLICATIVO;Envio a investigar;VERDADERO
69;802019573;Clinica Porvenir Limitada;Atlantico;Soledad;Alianza;4/05/2023;Envio a investigar;Enviar a investigar todos los siniestros a alianza;SM;APLICATIVO;Envio a investigar;VERDADERO
73;901535908;Central De Especialidades Hospitalarias Y Quirúrgicas S.A.S.;La Guajira;Riohacha;Global red;4/05/2023;Envio a investigar;Enviar a investigar todos los siniestros a alianza;SM;APLICATIVO;Envio a investigar;VERDADERO
171;901572493;Clinica Medico Quirúrgica San Pedro Claver Sas;Atlantico;Malambo;Alianza;4/05/2023;Envio a investigar;Enviar a investigar los siniestros;SM;APLICATIVO;Envio a investigar;VERDADERO
182;901010389;Fundación Reintegrar Rv;La Guajira;Uribia;Global red;8/05/2023;Objetar todo;Objetar todo incluyendo lo que este en tramite actualmente;IQ;APLICATIVO;Objetar todo;VERDADERO
85;890901825;Fundación Clinica Noel;Antioquia;Medellin;Valuative;9/05/2023;Envio a investigar;Enviar a investigar todo los siniestros - no dejaron ingresar;IQ;APLICATIVO;Envio a investigar;VERDADERO
192;901168430;Pronto Salud Ips S.A.S.;Sucre;Sincelejo;Alianza;9/05/2023;Objetar todo;PSS en liquidación;SM;APLICATIVO;Objetar todo;VERDADERO
130;800193989;Centro Diagnostico De Especialistas Ltda;La Guajira;Riohacha;Global red;16/05/2023;Envio a investigar;Enviar a investigar todos los siniestros - no dejan ingresar;SM;APLICATIVO;Envio a investigar;VERDADERO
132;802020128;Inverclinicas S.A.S.;Atlantico;Soledad;Global red;16/05/2023;Envio a investigar;Enviar a investigar todos los siniestros - no dejan ingresar;SM;APLICATIVO;Envio a investigar;VERDADERO
198;901553594;Instituto Colombiano De Medicina E Investigación S.A.S ;Cundinamarca;Puerto Salgar;Valuative;17/05/2023;Objetar todo;Objetar todo incluyendo lo que este en tramite actualmente;IQ;APLICATIVO;Objetar todo;VERDADERO
188;901031565;Medicos Y Transporte De Colombia Sas Sigla Meditranscol Sas;Bogota D.C.;Bogota;Alianza;25/05/2023;Objetar todo;Objetar todo incluyendo lo que este en tramite actualmente;IQ;APLICATIVO;Objetar todo;VERDADERO
220;901556654;Inversiones Odontológicas Y Clinica Estetica Oral S.A.S;Santander;Bucaramanga;Global red;25/05/2023;Objetar todo;Objetar todo;IQ;APLICATIVO;Objetar todo;VERDADERO
5;901230990;Mas Salud Integral Ips Sas;Magdalena;Cienaga;Valuative;31/05/2023;Objetar todo;14/02/2023: Si llegan reclamaciones de atenciones despues de que les quitaron la habilitación objetar inmediatamente,  si llegan reclamaciones de cuando estaban habilitadas enviarlas a investigar   (ONC se objetan) 31/05/2023: Obejtar todo;SM;APLICATIVO;Objetar todo;VERDADERO
169;839000356;Sociedad Medica Clinica Maicao S.A;La Guajira;Maicao;Alianza;31/05/2023;Envio a investigar;Enviar a investigar todos los siniestros;SM;APLICATIVO;Envio a investigar;VERDADERO
187;901404620; Ips Villa Estadio Sas;Atlantico;Soledad;Valuative;31/05/2023;Objetar todo;Objetar todo incluyendo lo que este en tramite actualmente;IQ;APLICATIVO;Objetar todo;VERDADERO
196;901382294;Salud Para Ti Ips S.A.S.;Bolivar;Mompós;Valuative;31/05/2023;Objetar todo;Objetar todo incluyendo lo que este en tramite actualmente;SM;APLICATIVO;Objetar todo;VERDADERO
205;900247184;Clinidental Fm Eu;Magdalena;Santa Marta;Alianza;5/06/2023;Envio a investigar;Enviar a investigar, no se evidencia flujo de pacientes en primera visita;SM;APLICATIVO;Envio a investigar;VERDADERO
224;901673344;Centro Medico Salud Vida Ips S.A.S.;Magdalena;Santa Marta;Alianza;5/06/2023;Objetar todo;Objetar todo incluyendo lo que este en tramite actualmente;IQ;APLICATIVO;Objetar todo;VERDADERO
96;901576526;Bancsalud Ips S.A.S;Magdalena;El Banco;Valuative;6/06/2023;Objetar todo;Objetar todo incluyendo lo que este en tramite actualmente;SM;APLICATIVO;Objetar todo;VERDADERO
199;901458424;Ambulancias Formedical Sas;Nariño;Pasto;Valuative;8/06/2023;Envio a investigar;Enviar a investigar los siniestros;IQ;APLICATIVO;Envio a investigar;VERDADERO
222;901315311;Clinica Aurora Del Mar;Cordoba;Cartagena;Alianza;8/06/2023;Objetar todo;Objetar todo, PSS solo practica cirugias esteticas;IQ;APLICATIVO;Objetar todo;VERDADERO
178;900706069;Viva Tu Salud Ips Sas;Cundinamarca;Puerto Salgar;Valuative;9/06/2023;Envio a investigar;Enviar a investigar los siniestros a Valuative;IQ;APLICATIVO;Envio a investigar;VERDADERO
180;900498069;Clinica Regional De Especialistas Sanais Vitais Sas;Cesar;Bosconia;Valuative;9/06/2023;Envio a investigar;Enviar a investigar los siniestros;SM;APLICATIVO;Envio a investigar;VERDADERO
194;900891534;Ips Fisiosalud Integral S.A.S.;Antioquia;Caucasia;Valuative;9/06/2023;Envio a investigar;Enviar a investigar lo que llegue como censo asignado (ONC se objetan);IQ;APLICATIVO;Envio a investigar;VERDADERO
202;806015201;Gestion Salud S.A.S.;Bolivar;Cartagena;Alianza;9/06/2023;Envio a investigar;Enviar a investigar los siniestros;SM;APLICATIVO;Envio a investigar;VERDADERO
203;900005955;Clinica La Esperanza De Monteria S.A.S.;Cordoba;Monteria;Alianza;20/06/2023;Envio a investigar;Enviar a investigar todos los siniestros - no dejan ingresar;SM;APLICATIVO;Envio a investigar;VERDADERO
204;800074112;Clinica Zayma S.A.S;Cordoba;Monteria;Alianza;20/06/2023;Envio a investigar;Enviar a investigar todos los siniestros - no dejan ingresar;SM;APLICATIVO;Envio a investigar;VERDADERO
225;901655266;Bienesalud Ips Sas;Magdalena;Santa Marta;Alianza;20/06/2023;Envio a investigar;Enviar a investigar todos los siniestros - no dejan ingresar;IQ;APLICATIVO;Envio a investigar;VERDADERO
217;901354118;Providsalud Ips Sas;Magdalena;Santa Marta;Valuative;22/06/2023;Objetar todo;Objetar todo incluyendo lo que este en tramite actualmente;SM;APLICATIVO;Objetar todo;VERDADERO
227;901672807;Ips Ceinsalud S.A.S;Atlantico;Baranoa;Valuative;22/06/2023;Objetar todo;Objetar todo incluyendo lo que este en tramite actualmente;IQ;APLICATIVO;Objetar todo;VERDADERO
228;901663970;Ips Repelón Sas;Atlantico;Repelón;Valuative;22/06/2023;Objetar todo;Objetar todo incluyendo lo que este en tramite actualmente;IQ;APLICATIVO;Objetar todo;VERDADERO
233;901403201;Servicios Optimos En Salud Sos S.A.S;Valle del cauca;Tulua;Alianza;6/07/2023;Objetar todo;Objetar todo incluyendo lo que este en tramite actualmente;IQ;APLICATIVO;Objetar todo;VERDADERO
234;900354649;Centro De Rehabilitación Integral Fisiovital;La Guajira;Riohacha;Alianza;6/07/2023;Objetar todo;Objetar todo incluyendo lo que este en tramite actualmente;IQ;APLICATIVO;Objetar todo;VERDADERO
257;900102024;Mediclinico Santa Ana Ips Sas;Bogota D.C.;Bogota;Alianza;11/07/2023;Objetar todo;IPS tiene cierre de servicios, por lo que no estarían habilitados a partir del 22 de junio de 2023. Información extraída del REPS 11 de julio de 2023, favor objetar las reclamaciones de fecha posterior al cierre.;IQ;APLICATIVO;Objetar todo;VERDADERO
248;901673285;Salud Integrales Ips Sas;Magdalena;Santa Marta;Valuative;13/07/2023;Objetar todo;Objetar todo - no se encuentran en la dirección habilitada en el REPS;IQ;APLICATIVO;Objetar todo;VERDADERO
252;901143946;Clinica San Nicolas De Bari;Atlantico;Barranquilla;Alianza;13/07/2023;Envio a investigar;Enviar a investigar los siniestros;IQ;APLICATIVO;Envio a investigar;VERDADERO
206;900493038;Global Safe Salud S.A.S.;Norte de Santander;Cúcuta;Alianza;17/07/2023;Envio a investigar;Enviar a investigar todos los siniestros - no dejan ingresar;SM;APLICATIVO;Envio a investigar;VERDADERO
240;901200810;Ips Sanamos Sas;Magdalena;Santa Marta;Valuative;17/07/2023;Objetar todo;Objetar todo incluyendo lo que este en tramite actualmente;IQ;APLICATIVO;Objetar todo;VERDADERO
246;901671347;Centro Medico Esmisalud Ips Sas;Magdalena;Fundación;Valuative;17/07/2023;Objetar todo;Objetar todo incluyendo lo que este en tramite actualmente;IQ;APLICATIVO;Objetar todo;VERDADERO
250;901689361;Ips Mi Salud En Diez S.A.S.;Magdalena;Santa Marta;Valuative;17/07/2023;Objetar todo;Objetar todo incluyendo lo que este en tramite actualmente;IQ;APLICATIVO;Objetar todo;VERDADERO
226;900687852;Central Medical Services S.A.S;Bogota D.C.;Bogota;Valuative;19/07/2023;Envio a investigar;Enviar a investigar los siniestros;IQ;APLICATIVO;Envio a investigar;VERDADERO
229;900849720;Centro Integral De Salud San Gabriel Ips Santa Marta;Magdalena;Cienaga;Valuative;19/07/2023;Objetar todo;Objetar todo incluyendo lo que este en tramite actualmente;IQ;APLICATIVO;Objetar todo;VERDADERO
244;900236791;Aerosanidad Sas;Antioquia;Medellin;Global red;21/07/2023;Envio a investigar;Envió a investigar a global;IQ;APLICATIVO;Envio a investigar;VERDADERO
301;901301277;Cliniodontic ;Magdalena;Fundación;Ninguna;21/07/2023;Objetar todo;Objetar todo;IQ;APLICATIVO;Objetar todo;VERDADERO
302;900839961;Protescol Sas;Magdalena;Fundación;Ninguna;21/07/2023;Objetar todo;Objetar todo;IQ;APLICATIVO;Objetar todo;VERDADERO
121;900943529;Sub Salud S.A.S;Valle del cauca;Tulua;Alianza;27/07/2023;Envio a investigar;26/04/2023: Se envio inbevsitgación epro el 27/07 se dio intucción todas las reclamaciones de esta entidad se deben enviar ;IQ;APLICATIVO;Envio a investigar;VERDADERO
290;800014918;E.S.E. Hospital Universitario Erasmo Meoz;Norte de Santander;Cúcuta;Valuative;27/07/2023;Envio a investigar;Alto % no coberuta no dejaron ingresar;SM;APLICATIVO;Envio a investigar;VERDADERO
291;900862766;Protecion Salud Vital Ips S.A.S;Tolima;Ibague;Valuative;27/07/2023;Objetar todo;Objetar todo no tiene edificacion fisica;SM;APLICATIVO;Objetar todo;VERDADERO
292;812003851;Ese Hospital San Juan De Sahagun;Cordoba;Sahagún;Valuative;27/07/2023;Envio a investigar;Alto % no cobruta no dejaron ingresar;SM;APLICATIVO;Envio a investigar;VERDADERO
300;901640157;Clinica Santa Marta Ips S.A.S.;Magdalena;Cienaga;Valuative;27/07/2023;Objetar todo;Objtar todo no esta en la direccion habilitada e informanq ue todo se realia domiciliariamene sin embargo en reps aparece habilotado para prestar servicios en la ireccion ;IQ;APLICATIVO;Objetar todo;VERDADERO
185;901612737;Vital Mspmc Ips Sas;Atlantico;Barranquilla;Valuative;28/07/2023;Envio a investigar;No dejan ingresar a la IPS;IQ;APLICATIVO;Envio a investigar;VERDADERO
237;901544725;Centro Medico Los Aljares Ips S.A.S;Huila;Pitalito;Global red;28/07/2023;Envio a investigar;No dejaron ingresar a ningun funcionario;IQ;APLICATIVO;Envio a investigar;VERDADERO
279;890984670;Empresa Social Del Estado Hospital Nuestra Señora Del Perpetuo Socorro;Antioquia;Dabeiba;Inveajustes;28/07/2023;Envio a investigar;Esta en supuesta remodelación;IQ;APLICATIVO;Envio a investigar;VERDADERO
283;900826509;Ruc Magdalena;Magdalena;Santa Marta;Inveajustes;28/07/2023;Objetar todo;PSS no esta en la direccion habiltada;IQ;APLICATIVO;Objetar todo;VERDADERO
303;901397329;Asistencia Medica Home Care Sas;Magdalena;Santa Marta;Alianza;28/07/2023;Envio a investigar;En fotografias parece estaar en remodelaciones;IQ;APLICATIVO;Envio a investigar;VERDADERO
313;901482537;ODONTOMEDICAS S.A.S   ;Caldas;La dorada;Alerta;4/08/2023;Envio a investigar;Todos los siniestros asociados a IPS ODONTOMEDICAS S.A.S sean asignados a investigar como gasto médico.;IQ;APLICATIVO;Envio a investigar;VERDADERO
260;901246432;Ambulancias De Emergencia Colombiana S.A.S;Atlantico;Barranquilla;Alianza;14/08/2023;Envio a investigar;Enviar a investigar los siniestros;SM;APLICATIVO;Envio a investigar;VERDADERO
289;892000264;E.S.E. Hospital Municipal De Acacias;Meta;Acacias;Valuative;14/08/2023;Envio a investigar;Alto % no coberuta;IQ;APLICATIVO;Envio a investigar;VERDADERO
297;901523308;Asclep Salud Ips S.A.S;Atlantico;Soledad;Alianza;14/08/2023;Objetar todo;Objetar todo;IQ;APLICATIVO;Objetar todo;VERDADERO
310;901691998;Centro Medico San Antonio Ips Sas;Magdalena;Santa Marta;Valuative;18/08/2023;Envio a investigar;algunas inconsistencias en cuanto a lo prestación de servicios, teniendo en cuenta esto agradezco me ayuden asignando todos los siniestros de este prestador a Valuative;IQ;APLICATIVO;Envio a investigar;VERDADERO
312;901634782;Central De Urgencias De La Costa S.A.S.;Atlantico;Barranquilla;Alianza;24/08/2023;Envio a investigar;No se tieneen fotos actuales de las ambulanciais;IQ;APLICATIVO;Envio a investigar;VERDADERO
266;901127205;Lifemed Sas;Huila;Pitalito;Global red;4/09/2023;Objetar todo;No esta en la direccion habilitada;SM;APLICATIVO;Objetar todo;VERDADERO
308;900981578;Ips Clinica Beraya Sas;Sucre;Sincelejo;Global red;18/09/2023;Objetar todo;no está en funcionamiento (cerrada y desaseada);IQ;APLICATIVO;Objetar todo;VERDADERO
449;830023202;COSMITET LTDA CORPORACION DE SERVICIOS MEDICOS INTERNACINALES THEM Y CIA;Valle del cauca ;Cali;Valuative;2/10/2023;Envio a investigar;Se recibe alerta en donde informan cierre de la IPS;IQ;APLICATIVO;Envio a investigar;VERDADERO
1;901165518;Medimart Ips S.A.S;Atlantico;Sabanalarga;Global red;14/02/2023 -14/03/2023;Objetar todo;Enviar a investigar lo que llegue como censo asignado (ONC se objetan) - 14/03/2023 se envia correo dando la instrucción de objetar todo;SM;APLICATIVO;Objetar todo;VERDADERO
207;901292074;Vimedic Salud Integral Sas;Norte de Santander;Cúcuta;Alianza;22/06/2023-17/07/2023;Envio a investigar;Enviar a investigar todos los siniestros - no dejan ingresar;SM;APLICATIVO;Envio a investigar;VERDADERO
4;901510674;Centro Medico Riosalud Ips S.A;Sucre;Sincelejo;Global red;24/02/2023 - 06/03/2023;Objetar todo;24/02/2023 - Enviar a investigar lo que llegue como censo asignado, 06/03/2023 se envia correo dando la instrucción de objetar todo;SM;APLICATIVO;Objetar todo;VERDADERO
27;900978672;Puerto Salud Unidad Medica Int;Atlantico;Pto Colombia;Valuative;24/02/2023 -14/03/2023;Objetar todo;Enviar a investigar lo que llegue como censo asignado (ONC se objetan) - 14/03/2023 se envia correo dando la instrucción de objetar todo;SM;APLICATIVO;Objetar todo;VERDADERO
57;901658441;Centro Medico Torresalud Ips Sas;Cordoba;Purisima De La Concepción;Global red;6/03/2023 - 17/07/2023;Objetar todo;Todo se envia a investigar, Seguimiento próximo mes 02/05/2023: Objetar ONC  17/07/2023: Objetar todos los siniestros;IQ;APLICATIVO;Objetar todo;VERDADERO
450;901549670;COSTRUYENDO SUEÑOS DE AMOR IPS S.A S;Atlantico;Soledad;Alianza;20/10/2023;Objetar todo;20/10/2023 enviar a inevstigar todo  No se ve flujo de pacientes 20/10/2023: objetar todo la ips no esta en funcionamiento;IQ;APLICATIVO;Objetar todo;VERDADERO
452;900472527;Titanium Health Group SAS;Bogota D.C;Bogota;Alianza;10/10/2023;Envio a investigar;IPS esta dentro de otra no se idenfiica cual es Titanium;IQ;APLICATIVO;Envio a investigar;VERDADERO
462;901570151;NUEVA CRIATURA IPS S.A.S;Santa Marta;Santa Marta;Valuative;20/10/2023;Objetar todo;No esta en funcionamiento;IQ;APLICATIVO;Objetar todo;VERDADERO
454;901026988;NOVECIENTOS ONCE SAS;Cundinamarca;Mosquera;Global red;2/11/2023;Envio a investigar;Enviar a investigar todo lo que nos llegue mientras nos llega ampliación del informe, favor objetar ONC  ;IQ;APLICATIVO;Envio a investigar;VERDADERO
463;819004595;IPS SAN JOSE E. U.;Magdalena;Sitionuevo;Valuative;23/10/2023;Envio a investigar;Se evidncia atipicidad en instalaciones;IQ;APLICATIVO;Envio a investigar;VERDADERO
654;901049966;Centro Hospitalario Regional Santa Monica SAS;Atlántico;Barranquilla;Alianza;2/11/2023;Envio a investigar;Enviar a inevstigar no dejan ingresar;IQ;APLICATIVO;Envio a investigar;VERDADERO
658;901584632;Dental Implant Plus S.A.S.;Atlántico;Barranquilla;Alianza;27/10/2023;Envio a investigar;No se revidencia flujo de pacientes;IQ;APLICATIVO;Envio a investigar;VERDADERO
644;901637358;Ambulancias Srh Sas;Meta;Villavicencio;Valuative;27/10/2023;Objetar todo;No esta prestando servicios;IQ;No se ha recibido alerta por parte de SM;Sin alerta;FALSO
688;901679121;CENTRO DE REHABILITACIÓN MEDICA ELITE MEDIEL IPS SAS;Atlantico;Polonuevo;Alianza;2/11/2023;Objetar todo;No atiende urgencias;IQ;No se ha recibido alerta por parte de SM;Sin alerta;FALSO
689;901615707;AMART SALUD IPS S.A.S;Atlantico;Palmar De Varela;Alianza;2/11/2023;Objetar todo;No esta en funcionamiento;IQ;APLICATIVO;Objetar todo;VERDADERO
65;901522125;Medicina Tactica Ips Sas Sigla Meditac Ips Sas;Bogota D.C.;Bogota;Global red;24/03/2023;Enviar a Investigar;Sin novedad, solo tienen en funcionamiento la ambulancia de placas CUZ616. ;;APLICATIVO;Enviar a Investigar;VERDADERO
78;901365345;Afesalud S.A.S;Tolima;Ibague;Alianza;3/10/2023;Enviar a Investigar;Enviar a investigar los siniestros;;APLICATIVO;Enviar a Investigar;VERDADERO
79;901330849;Servital Ips 24/7 S.A.S;Tolima;Ibague;Alianza;3/10/2023;Enviar a Investigar;Enviar a investigar los siniestros;;APLICATIVO;Enviar a Investigar;VERDADERO
400;900112820;CORPORACIÓN MEDICA SALUD PARA LOS COLOMBIANOS - CMS COLOMBIA LTDA;Risaralda;Pereira;Global red;24/08/2023;Enviar a Investigar;20/08/2023: se envi a investigr el 100% bajo el sunto Boletín Informativo:  Superintendencia Nacional de Salud - Identificación de irregularidades PPS- SOAT el 20/10/2023 se recibe informe en donde informan que No dejaron ingresar a ningun funcionario, entidad esta supendida;;APLICATIVO;Enviar a Investigar;VERDADERO
433;891800570;EMPRESA SOCIAL DEL ESTADO HOSPITAL JOSE CAYETANO VASQUEZ;Boyaca;Puerto Boyaca;Valuative;12/02/2024;Enviar a Investigar;PSS no permitio registro fotografico ni ingreso al investigador;;APLICATIVO;Enviar a Investigar;VERDADERO
455;901390367;FUNDACIÓN PRO SALUD Y SEGURIDAD BARICHARA;Santander;Barichara;Global red;20/10/2023;Enviar a Investigar;Envia r ainvestigar entindad no ha actualizado la direccion en reps;;APLICATIVO;Enviar a Investigar;VERDADERO
456;901718069;CEAD DEL MAGDALENA IPS S.A.S;Magdalena;Santa Marta;Global red;8/02/2024;Enviar a Investigar;Se recibio alcance de investigacion 08/02/2024, donde la firma indica que ha recibido quejas y aviso que la entidad no funciona en su totalidad;;APLICATIVO;Enviar a Investigar;VERDADERO
467;901423042;APH TEGNOLOGIA MEDICA SAS;Magdalena;Santa Marta;Valuative;21/11/2023;Enviar a Investigar;21/11/2023 No se permite ingreso a la entidad ni da informacion presisa de las ambulancias;;APLICATIVO;Enviar a Investigar;VERDADERO
474;800146679;FRACTURAS Y FRACTURAS S.A.S. CLINICA DE ORTOPEDIA Y TRAUMATOLOGIA    ;Risaralda;Pereira;Sin informe;24/08/2023;Enviar a Investigar;Enviar a investigar el 100%;;APLICATIVO;Enviar a Investigar;VERDADERO
481;830118794;CLINICA SANARTE LTDA;Bogota D.C.;Bogota;Alianza;01/16/2024;Enviar a Investigar;16/01/2024 IPS no esta en funcionamiento ;;No se ha recibido alerta por parte de SM;Sin alerta;FALSO
482;860013570;CAJA DE COMPENSACION FAMILIAR CAFAM;Atlantico;Barranquilla;Alianza;14/11/2023;Enviar a Investigar;Enviar a investigar esta sede ya que en el informe aclararn que solo la sede principal de bogota atiende SOATA NO TIENE URGENCIAS;;No se ha recibido alerta por parte de SM;Sin alerta;FALSO
497;901195508;AMBULANCIAS INTEGRALES DE COLOMBIA A.I.C. SAS;Bogota D.C.;Bogota;Alianza;30/11/2023;Enviar a Investigar;30/11/2023 la firma no pudo ingresar a la IPS;;No se ha recibido alerta por parte de SM;Sin alerta;FALSO
520;900921289;ATENCION MEDICA & PREHOSPITALARIA DEL VALLE SAS ;Valle Del Cauca;Cali;Alianza;13/12/2023;Enviar a Investigar;13/12/2023 LA IPS no fue ubicada en las direcciones ni se encuentra habilitada en REPs;;APLICATIVO;Enviar a Investigar;VERDADERO
525;901245323;FUNDACION CUERPO EN MOVIMIENTO;Casanare;Yopal;Global Red;22/11/2023;Enviar a Investigar;;;No se ha recibido alerta por parte de SM;Sin alerta;FALSO
595;900963568;JM URGENCIAS Y EMERGENCIAS SAS;Cauca;Popayan;Inveajustes;22/11/2023;Enviar a Investigar;22/11/2023 Se evidencia ;;No se ha recibido alerta por parte de SM;Sin alerta;FALSO
606;901221313;AMBULANCIAS Y ATENCION DOMICILIARIA VIDA IPS SAS;Meta;Villavicencio;Valuative;21/11/2023;Enviar a Investigar;21/11/2023 No se permite ingreso a la entidad ni da informacion presisa de las ambulancias;;APLICATIVO;Enviar a Investigar;VERDADERO
612;901260672;CLINICA DE EXCELENCIA EN TRAUMA SAS;Meta;Villavicencio;Valuative;22/11/2023;Enviar a Investigar;22/11/2023 Se evidencia que no e realiza ingreso a la entidad por  tal motivo no es posible validar el real funcionamiento;;APLICATIVO;Enviar a Investigar;VERDADERO
615;901327506;AMBULANCIAS UNIDAD VITAL S.A.S.;Risaralda;Dosquebradas;Valuative;22/11/2023;Enviar a Investigar;22/11/2023 Se solicita investigar las reclamaciones con fecha de AT de marzo a septiembre 2023 ya que la empresa se encontraba cerrada;;APLICATIVO;Enviar a Investigar;VERDADERO
620;901423042;APH TEGNOLOGIA MEDICA SAS;Magdalena;Santa Marta;Valuative;21/11/2023;Enviar a Investigar;21/11/2023 No se permite ingreso a la entidad ni da informacion presisa de las ambulancias;;APLICATIVO;Enviar a Investigar;VERDADERO
696;901159905;ASISTENCIA Y LOGISTICA INTEGRAL S.A.S;Caqueta;Florencia;Global Red;22/11/2023;Enviar a Investigar;25/11/2023 No se logro establecer el funcionamiento de la IPS;;No se ha recibido alerta por parte de SM;Sin alerta;FALSO
698;901387401;AMBULANCIAS GLOBAL SALUD SAS;Putumayo;Mocoa;Global Red;29/11/2023;Enviar a Investigar;30/11/2023 Se evidencia que la IPS no esta en funcionamiento sin embargo no se envia todo a objetar toda vez que la entidad segun validaciones de vecindario se encuentran en remodelaciones;;APLICATIVO;Enviar a Investigar;VERDADERO
189;900077584;Cooperativa De Servicios Integrales De Salud Red Medicron Ips;Valle Del Cauca;Palmira;Global red;8/02/2024;Objetar todo;Objetar todo incluyendo lo que este en tramite actualmente;;APLICATIVO;Objetar todo;VERDADERO
475;900397763;SOCIEDAD CLINICA IBEROAMERICANA S.A.S.;Pde;Pde;Sin informe;26/10/2023;Objetar todo;Objetar todo prestador no habilitado;;No se ha recibido alerta por parte de SM;Sin alerta;FALSO
476;900792377;ORTOPSALUD IPS SAS;Pde;Pde;Sin informe;26/10/2023;Objetar todo;Objetar todo prestador no habilitado;;No se ha recibido alerta por parte de SM;Sin alerta;FALSO
477;900996425;TECNOLOGIA DIAGNOSTICA DE LA SABANA SAS;Pde;Pde;Sin informe;26/10/2023;Objetar todo;Objetar todo prestador no habilitado;;No se ha recibido alerta por parte de SM;Sin alerta;FALSO
478;901056079;TECNOLOGIA DIAGNOSTICA DE BOLI;Pde;Pde;Sin informe;26/10/2023;Objetar todo;Objetar todo prestador no habilitado;;No se ha recibido alerta por parte de SM;Sin alerta;FALSO
479;901124916;UNIMEDICS S.A.S.;Pde;Pde;Sin informe;26/10/2023;Objetar todo;Objetar todo prestador no habilitado;;APLICATIVO;Objetar todo;VERDADERO
480;901242654;HOSPITAL M.E. PATARROYO IPS SAS;Pde;Pde;Sin informe;26/10/2023;Objetar todo;Objetar todo prestador no habilitado;;No se ha recibido alerta por parte de SM;Sin alerta;FALSO
489;900437951;MEDICAL GLOBAL CENTER SAS;Bogota D.C.;Bogota;Alianza;11/12/2023;Objetar todo;13/12/2023 IPS no se encuentra en funcionamientro;;APLICATIVO;Objetar todo;VERDADERO
507;900699423;AMBULANCIAS RESCATE PEREIRA SAS;Risaralda;Pereira;Alianza;1/11/2023;Objetar todo;;;APLICATIVO;Objetar todo;VERDADERO
514;900807234;Ambulancias Traumamedic S.A.S;Valle Del Cauca;Cali;Alianza;13/12/2023;Objetar todo;Sin novedad;;APLICATIVO;Objetar todo;VERDADERO
526;1020773902;VANESSA MARGARITA MIER ANGARITA;Bogota D.C.;Bogota;Global Red;22/11/2023;Objetar todo;22/11/2023 Se evidencia que no se presta el servicio y la odontologa ya no se encuentra en el sitio de consultorio;;APLICATIVO;Objetar todo;VERDADERO
549;901079930;CLINICA ESPECIALIZADA DEL NORTE CEN SAS;Tolima;Venadillo;Global Red;29/11/2023;Objetar todo;29/11/2023 se objeta todo ;;APLICATIVO;Objetar todo;VERDADERO
574;900412444;HOSPITAL ORTOPÉDICO S.A.S;Antioquia;Medellin;Inveajustes;25/11/2023;Objetar todo;25/11/2023 de acuerdo a validaciones de la firma la IPS no esta en funcionamiento;;APLICATIVO;Objetar todo;VERDADERO
588;900665946;CENTRO MEDICO INTEGRAL DE LA FAMILIA SAS;Valle Del Cauca;Jamundi;Inveajustes;En tramite;Objetar todo;NO cuenta con sede para atender  tampoco esta habilitado en reps;;No se ha recibido alerta por parte de SM;Sin alerta;FALSO
607;901229022;MED SAS MEDICINA ESPECIALIZADA DOMICILIARIA SAS;Cundinamarca;Zipaquira;Valuative;21/11/2023;Objetar todo;21/11/2023  Fraude la entidad no se encuentra en la direccion donde se establece;;APLICATIVO;Objetar todo;VERDADERO
655;901266962;Soluciones Integrales H&F SAS;Santander;Bucaramanga;Alianza;27/10/2023;Objetar todo;Objetar todo;;APLICATIVO;Objetar todo;VERDADERO
670;900816584;Ambulancias Vital Care SAS;Valle Del Cauca;Cali;Global Red;17/11/2023;Objetar todo;Prestador no esta en funcionamiento;;APLICATIVO;Objetar todo;VERDADERO
686;901652048;Ambulance Group Medikd S.A.S;Cauca;Popayán;Global Red;17/11/2023;Objetar todo;No esta en funcionamiento;;APLICATIVO;Objetar todo;VERDADERO
690;901705831;MISALUD SJ IPS SAS;Atlantico;Sabanagrande;Alianza;01/19/2024;Objetar todo;19/01/2024 IPS habilitada pero no se encuentra en funcionamiento;;APLICATIVO;Objetar todo;VERDADERO
694;900961703;SERVICIO INTEGRAL DEL PACIENTE S.A.S.;Quindio;Armenia;Global Red;20/11/2023;Objetar todo;No se encuentra IPS en REPS 20-11-2023 Onketar todo;;APLICATIVO;Objetar todo;VERDADERO
695;901117147;SAMANIEGO DE LA MANO DE DIOS IPS S.A.S;Nariño;Samaniego;Global Red;30/11/2023;Objetar todo;29/11/2023 No se logro establecer el funcionamiento de la IPS;;APLICATIVO;Objetar todo;VERDADERO
589;900673755;SOHAN ACONDICIONAMIENTO Y REHABILITACION FISICA S.A.S;Cauca;Popayan;Inveajustes;11/12/2023;SE DEBE OBEJTAR TODO LO DE LA SEDE DE POPAYAN;11/12/2023 OBJETAR SEDE POPAYAN;;APLICATIVO;Objetar todo Sede Popayan;FALSO
